MES,DATOS
Ene-1749,58
Feb-1749,62.6
Mar-1749,70
Abr-1749,55.7
May-1749,85
Jun-1749,83.5
Jul-1749,94.8
Ago-1749,66.3
Sep-1749,75.9
Oct-1749,75.5
Nov-1749,158.6
Dic-1749,85.2
Ene-1750,73.3
Feb-1750,75.9
Mar-1750,89.2
Abr-1750,88.3
May-1750,90
Jun-1750,100
Jul-1750,85.4
Ago-1750,103
Sep-1750,91.2
Oct-1750,65.7
Nov-1750,63.3
Dic-1750,75.4
Ene-1751,70
Feb-1751,43.5
Mar-1751,45.3
Abr-1751,56.4
May-1751,60.7
Jun-1751,50.7
Jul-1751,66.3
Ago-1751,59.8
Sep-1751,23.5
Oct-1751,23.2
Nov-1751,28.5
Dic-1751,44
Ene-1752,35
Feb-1752,50
Mar-1752,71
Abr-1752,59.3
May-1752,59.7
Jun-1752,39.6
Jul-1752,78.4
Ago-1752,29.3
Sep-1752,27.1
Oct-1752,46.6
Nov-1752,37.6
Dic-1752,40
Ene-1753,44
Feb-1753,32
Mar-1753,45.7
Abr-1753,38
May-1753,36
Jun-1753,31.7
Jul-1753,22
Ago-1753,39
Sep-1753,28
Oct-1753,25
Nov-1753,20
Dic-1753,6.7
Ene-1754,0
Feb-1754,3
Mar-1754,1.7
Abr-1754,13.7
May-1754,20.7
Jun-1754,26.7
Jul-1754,18.8
Ago-1754,12.3
Sep-1754,8.2
Oct-1754,24.1
Nov-1754,13.2
Dic-1754,4.2
Ene-1755,10.2
Feb-1755,11.2
Mar-1755,6.8
Abr-1755,6.5
May-1755,0
Jun-1755,0
Jul-1755,8.6
Ago-1755,3.2
Sep-1755,17.8
Oct-1755,23.7
Nov-1755,6.8
Dic-1755,20
Ene-1756,12.5
Feb-1756,7.1
Mar-1756,5.4
Abr-1756,9.4
May-1756,12.5
Jun-1756,12.9
Jul-1756,3.6
Ago-1756,6.4
Sep-1756,11.8
Oct-1756,14.3
Nov-1756,17
Dic-1756,9.4
Ene-1757,14.1
Feb-1757,21.2
Mar-1757,26.2
Abr-1757,30
May-1757,38.1
Jun-1757,12.8
Jul-1757,25
Ago-1757,51.3
Sep-1757,39.7
Oct-1757,32.5
Nov-1757,64.7
Dic-1757,33.5
Ene-1758,37.6
Feb-1758,52
Mar-1758,49
Abr-1758,72.3
May-1758,46.4
Jun-1758,45
Jul-1758,44
Ago-1758,38.7
Sep-1758,62.5
Oct-1758,37.7
Nov-1758,43
Dic-1758,43
Ene-1759,48.3
Feb-1759,44
Mar-1759,46.8
Abr-1759,47
May-1759,49
Jun-1759,50
Jul-1759,51
Ago-1759,71.3
Sep-1759,77.2
Oct-1759,59.7
Nov-1759,46.3
Dic-1759,57
Ene-1760,67.3
Feb-1760,59.5
Mar-1760,74.7
Abr-1760,58.3
May-1760,72
Jun-1760,48.3
Jul-1760,66
Ago-1760,75.6
Sep-1760,61.3
Oct-1760,50.6
Nov-1760,59.7
Dic-1760,61
Ene-1761,70
Feb-1761,91
Mar-1761,80.7
Abr-1761,71.7
May-1761,107.2
Jun-1761,99.3
Jul-1761,94.1
Ago-1761,91.1
Sep-1761,100.7
Oct-1761,88.7
Nov-1761,89.7
Dic-1761,46
Ene-1762,43.8
Feb-1762,72.8
Mar-1762,45.7
Abr-1762,60.2
May-1762,39.9
Jun-1762,77.1
Jul-1762,33.8
Ago-1762,67.7
Sep-1762,68.5
Oct-1762,69.3
Nov-1762,77.8
Dic-1762,77.2
Ene-1763,56.5
Feb-1763,31.9
Mar-1763,34.2
Abr-1763,32.9
May-1763,32.7
Jun-1763,35.8
Jul-1763,54.2
Ago-1763,26.5
Sep-1763,68.1
Oct-1763,46.3
Nov-1763,60.9
Dic-1763,61.4
Ene-1764,59.7
Feb-1764,59.7
Mar-1764,40.2
Abr-1764,34.4
May-1764,44.3
Jun-1764,30
Jul-1764,30
Ago-1764,30
Sep-1764,28.2
Oct-1764,28
Nov-1764,26
Dic-1764,25.7
Ene-1765,24
Feb-1765,26
Mar-1765,25
Abr-1765,22
May-1765,20.2
Jun-1765,20
Jul-1765,27
Ago-1765,29.7
Sep-1765,16
Oct-1765,14
Nov-1765,14
Dic-1765,13
Ene-1766,12
Feb-1766,11
Mar-1766,36.6
Abr-1766,6
May-1766,26.8
Jun-1766,3
Jul-1766,3.3
Ago-1766,4
Sep-1766,4.3
Oct-1766,5
Nov-1766,5.7
Dic-1766,19.2
Ene-1767,27.4
Feb-1767,30
Mar-1767,43
Abr-1767,32.9
May-1767,29.8
Jun-1767,33.3
Jul-1767,21.9
Ago-1767,40.8
Sep-1767,42.7
Oct-1767,44.1
Nov-1767,54.7
Dic-1767,53.3
Ene-1768,53.5
Feb-1768,66.1
Mar-1768,46.3
Abr-1768,42.7
May-1768,77.7
Jun-1768,77.4
Jul-1768,52.6
Ago-1768,66.8
Sep-1768,74.8
Oct-1768,77.8
Nov-1768,90.6
Dic-1768,111.8
Ene-1769,73.9
Feb-1769,64.2
Mar-1769,64.3
Abr-1769,96.7
May-1769,73.6
Jun-1769,94.4
Jul-1769,118.6
Ago-1769,120.3
Sep-1769,148.8
Oct-1769,158.2
Nov-1769,148.1
Dic-1769,112
Ene-1770,104
Feb-1770,142.5
Mar-1770,80.1
Abr-1770,51
May-1770,70.1
Jun-1770,83.3
Jul-1770,109.8
Ago-1770,126.3
Sep-1770,104.4
Oct-1770,103.6
Nov-1770,132.2
Dic-1770,102.3
Ene-1771,36
Feb-1771,46.2
Mar-1771,46.7
Abr-1771,64.9
May-1771,152.7
Jun-1771,119.5
Jul-1771,67.7
Ago-1771,58.5
Sep-1771,101.4
Oct-1771,90
Nov-1771,99.7
Dic-1771,95.7
Ene-1772,100.9
Feb-1772,90.8
Mar-1772,31.1
Abr-1772,92.2
May-1772,38
Jun-1772,57
Jul-1772,77.3
Ago-1772,56.2
Sep-1772,50.5
Oct-1772,78.6
Nov-1772,61.3
Dic-1772,64
Ene-1773,54.6
Feb-1773,29
Mar-1773,51.2
Abr-1773,32.9
May-1773,41.1
Jun-1773,28.4
Jul-1773,27.7
Ago-1773,12.7
Sep-1773,29.3
Oct-1773,26.3
Nov-1773,40.9
Dic-1773,43.2
Ene-1774,46.8
Feb-1774,65.4
Mar-1774,55.7
Abr-1774,43.8
May-1774,51.3
Jun-1774,28.5
Jul-1774,17.5
Ago-1774,6.6
Sep-1774,7.9
Oct-1774,14
Nov-1774,17.7
Dic-1774,12.2
Ene-1775,4.4
Feb-1775,0
Mar-1775,11.6
Abr-1775,11.2
May-1775,3.9
Jun-1775,12.3
Jul-1775,1
Ago-1775,7.9
Sep-1775,3.2
Oct-1775,5.6
Nov-1775,15.1
Dic-1775,7.9
Ene-1776,21.7
Feb-1776,11.6
Mar-1776,6.3
Abr-1776,21.8
May-1776,11.2
Jun-1776,19
Jul-1776,1
Ago-1776,24.2
Sep-1776,16
Oct-1776,30
Nov-1776,35
Dic-1776,40
Ene-1777,45
Feb-1777,36.5
Mar-1777,39
Abr-1777,95.5
May-1777,80.3
Jun-1777,80.7
Jul-1777,95
Ago-1777,112
Sep-1777,116.2
Oct-1777,106.5
Nov-1777,146
Dic-1777,157.3
Ene-1778,177.3
Feb-1778,109.3
Mar-1778,134
Abr-1778,145
May-1778,238.9
Jun-1778,171.6
Jul-1778,153
Ago-1778,140
Sep-1778,171.7
Oct-1778,156.3
Nov-1778,150.3
Dic-1778,105
Ene-1779,114.7
Feb-1779,165.7
Mar-1779,118
Abr-1779,145
May-1779,140
Jun-1779,113.7
Jul-1779,143
Ago-1779,112
Sep-1779,111
Oct-1779,124
Nov-1779,114
Dic-1779,110
Ene-1780,70
Feb-1780,98
Mar-1780,98
Abr-1780,95
May-1780,107.2
Jun-1780,88
Jul-1780,86
Ago-1780,86
Sep-1780,93.7
Oct-1780,77
Nov-1780,60
Dic-1780,58.7
Ene-1781,98.7
Feb-1781,74.7
Mar-1781,53
Abr-1781,68.3
May-1781,104.7
Jun-1781,97.7
Jul-1781,73.5
Ago-1781,66
Sep-1781,51
Oct-1781,27.3
Nov-1781,67
Dic-1781,35.2
Ene-1782,54
Feb-1782,37.5
Mar-1782,37
Abr-1782,41
May-1782,54.3
Jun-1782,38
Jul-1782,37
Ago-1782,44
Sep-1782,34
Oct-1782,23.2
Nov-1782,31.5
Dic-1782,30
Ene-1783,28
Feb-1783,38.7
Mar-1783,26.7
Abr-1783,28.3
May-1783,23
Jun-1783,25.2
Jul-1783,32.2
Ago-1783,20
Sep-1783,18
Oct-1783,8
Nov-1783,15
Dic-1783,10.5
Ene-1784,13
Feb-1784,8
Mar-1784,11
Abr-1784,10
May-1784,6
Jun-1784,9
Jul-1784,6
Ago-1784,10
Sep-1784,10
Oct-1784,8
Nov-1784,17
Dic-1784,14
Ene-1785,6.5
Feb-1785,8
Mar-1785,9
Abr-1785,15.7
May-1785,20.7
Jun-1785,26.3
Jul-1785,36.3
Ago-1785,20
Sep-1785,32
Oct-1785,47.2
Nov-1785,40.2
Dic-1785,27.3
Ene-1786,37.2
Feb-1786,47.6
Mar-1786,47.7
Abr-1786,85.4
May-1786,92.3
Jun-1786,59
Jul-1786,83
Ago-1786,89.7
Sep-1786,111.5
Oct-1786,112.3
Nov-1786,116
Dic-1786,112.7
Ene-1787,134.7
Feb-1787,106
Mar-1787,87.4
Abr-1787,127.2
May-1787,134.8
Jun-1787,99.2
Jul-1787,128
Ago-1787,137.2
Sep-1787,157.3
Oct-1787,157
Nov-1787,141.5
Dic-1787,174
Ene-1788,138
Feb-1788,129.2
Mar-1788,143.3
Abr-1788,108.5
May-1788,113
Jun-1788,154.2
Jul-1788,141.5
Ago-1788,136
Sep-1788,141
Oct-1788,142
Nov-1788,94.7
Dic-1788,129.5
Ene-1789,114
Feb-1789,125.3
Mar-1789,120
Abr-1789,123.3
May-1789,123.5
Jun-1789,120
Jul-1789,117
Ago-1789,103
Sep-1789,112
Oct-1789,89.7
Nov-1789,134
Dic-1789,135.5
Ene-1790,103
Feb-1790,127.5
Mar-1790,96.3
Abr-1790,94
May-1790,93
Jun-1790,91
Jul-1790,69.3
Ago-1790,87
Sep-1790,77.3
Oct-1790,84.3
Nov-1790,82
Dic-1790,74
Ene-1791,72.7
Feb-1791,62
Mar-1791,74
Abr-1791,77.2
May-1791,73.7
Jun-1791,64.2
Jul-1791,71
Ago-1791,43
Sep-1791,66.5
Oct-1791,61.7
Nov-1791,67
Dic-1791,66
Ene-1792,58
Feb-1792,64
Mar-1792,63
Abr-1792,75.7
May-1792,62
Jun-1792,61
Jul-1792,45.8
Ago-1792,60
Sep-1792,59
Oct-1792,59
Nov-1792,57
Dic-1792,56
Ene-1793,56
Feb-1793,55
Mar-1793,55.5
Abr-1793,53
May-1793,52.3
Jun-1793,51
Jul-1793,50
Ago-1793,29.3
Sep-1793,24
Oct-1793,47
Nov-1793,44
Dic-1793,45.7
Ene-1794,45
Feb-1794,44
Mar-1794,38
Abr-1794,28.4
May-1794,55.7
Jun-1794,41.5
Jul-1794,41
Ago-1794,40
Sep-1794,11.1
Oct-1794,28.5
Nov-1794,67.4
Dic-1794,51.4
Ene-1795,21.4
Feb-1795,39.9
Mar-1795,12.6
Abr-1795,18.6
May-1795,31
Jun-1795,17.1
Jul-1795,12.9
Ago-1795,25.7
Sep-1795,13.5
Oct-1795,19.5
Nov-1795,25
Dic-1795,18
Ene-1796,22
Feb-1796,23.8
Mar-1796,15.7
Abr-1796,31.7
May-1796,21
Jun-1796,6.7
Jul-1796,26.9
Ago-1796,1.5
Sep-1796,18.4
Oct-1796,11
Nov-1796,8.4
Dic-1796,5.1
Ene-1797,14.4
Feb-1797,4.2
Mar-1797,4
Abr-1797,4
May-1797,7.3
Jun-1797,11.1
Jul-1797,4.3
Ago-1797,6
Sep-1797,5.7
Oct-1797,6.9
Nov-1797,5.8
Dic-1797,3
Ene-1798,2
Feb-1798,4
Mar-1798,12.4
Abr-1798,1.1
May-1798,0
Jun-1798,0
Jul-1798,0
Ago-1798,3
Sep-1798,2.4
Oct-1798,1.5
Nov-1798,12.5
Dic-1798,9.9
Ene-1799,1.6
Feb-1799,12.6
Mar-1799,21.7
Abr-1799,8.4
May-1799,8.2
Jun-1799,10.6
Jul-1799,2.1
Ago-1799,0
Sep-1799,0
Oct-1799,4.6
Nov-1799,2.7
Dic-1799,8.6
Ene-1800,6.9
Feb-1800,9.3
Mar-1800,13.9
Abr-1800,0
May-1800,5
Jun-1800,23.7
Jul-1800,21
Ago-1800,19.5
Sep-1800,11.5
Oct-1800,12.3
Nov-1800,10.5
Dic-1800,40.1
Ene-1801,27
Feb-1801,29
Mar-1801,30
Abr-1801,31
May-1801,32
Jun-1801,31.2
Jul-1801,35
Ago-1801,38.7
Sep-1801,33.5
Oct-1801,32.6
Nov-1801,39.8
Dic-1801,48.2
Ene-1802,47.8
Feb-1802,47
Mar-1802,40.8
Abr-1802,42
May-1802,44
Jun-1802,46
Jul-1802,48
Ago-1802,50
Sep-1802,51.8
Oct-1802,38.5
Nov-1802,34.5
Dic-1802,50
Ene-1803,50
Feb-1803,50.8
Mar-1803,29.5
Abr-1803,25
May-1803,44.3
Jun-1803,36
Jul-1803,48.3
Ago-1803,34.1
Sep-1803,45.3
Oct-1803,54.3
Nov-1803,51
Dic-1803,48
Ene-1804,45.3
Feb-1804,48.3
Mar-1804,48
Abr-1804,50.6
May-1804,33.4
Jun-1804,34.8
Jul-1804,29.8
Ago-1804,43.1
Sep-1804,53
Oct-1804,62.3
Nov-1804,61
Dic-1804,60
Ene-1805,61
Feb-1805,44.1
Mar-1805,51.4
Abr-1805,37.5
May-1805,39
Jun-1805,40.5
Jul-1805,37.6
Ago-1805,42.7
Sep-1805,44.4
Oct-1805,29.4
Nov-1805,41
Dic-1805,38.3
Ene-1806,39
Feb-1806,29.6
Mar-1806,32.7
Abr-1806,27.7
May-1806,26.4
Jun-1806,25.6
Jul-1806,30
Ago-1806,26.3
Sep-1806,24
Oct-1806,27
Nov-1806,25
Dic-1806,24
Ene-1807,12
Feb-1807,12.2
Mar-1807,9.6
Abr-1807,23.8
May-1807,10
Jun-1807,12
Jul-1807,12.7
Ago-1807,12
Sep-1807,5.7
Oct-1807,8
Nov-1807,2.6
Dic-1807,0
Ene-1808,0
Feb-1808,4.5
Mar-1808,0
Abr-1808,12.3
May-1808,13.5
Jun-1808,13.5
Jul-1808,6.7
Ago-1808,8
Sep-1808,11.7
Oct-1808,4.7
Nov-1808,10.5
Dic-1808,12.3
Ene-1809,7.2
Feb-1809,9.2
Mar-1809,0.9
Abr-1809,2.5
May-1809,2
Jun-1809,7.7
Jul-1809,0.3
Ago-1809,0.2
Sep-1809,0.4
Oct-1809,0
Nov-1809,0
Dic-1809,0
Ene-1810,0
Feb-1810,0
Mar-1810,0
Abr-1810,0
May-1810,0
Jun-1810,0
Jul-1810,0
Ago-1810,0
Sep-1810,0
Oct-1810,0
Nov-1810,0
Dic-1810,0
Ene-1811,0
Feb-1811,0
Mar-1811,0
Abr-1811,0
May-1811,0
Jun-1811,0
Jul-1811,6.6
Ago-1811,0
Sep-1811,2.4
Oct-1811,6.1
Nov-1811,0.8
Dic-1811,1.1
Ene-1812,11.3
Feb-1812,1.9
Mar-1812,0.7
Abr-1812,0
May-1812,1
Jun-1812,1.3
Jul-1812,0.5
Ago-1812,15.6
Sep-1812,5.2
Oct-1812,3.9
Nov-1812,7.9
Dic-1812,10.1
Ene-1813,0
Feb-1813,10.3
Mar-1813,1.9
Abr-1813,16.6
May-1813,5.5
Jun-1813,11.2
Jul-1813,18.3
Ago-1813,8.4
Sep-1813,15.3
Oct-1813,27.8
Nov-1813,16.7
Dic-1813,14.3
Ene-1814,22.2
Feb-1814,12
Mar-1814,5.7
Abr-1814,23.8
May-1814,5.8
Jun-1814,14.9
Jul-1814,18.5
Ago-1814,2.3
Sep-1814,8.1
Oct-1814,19.3
Nov-1814,14.5
Dic-1814,20.1
Ene-1815,19.2
Feb-1815,32.2
Mar-1815,26.2
Abr-1815,31.6
May-1815,9.8
Jun-1815,55.9
Jul-1815,35.5
Ago-1815,47.2
Sep-1815,31.5
Oct-1815,33.5
Nov-1815,37.2
Dic-1815,65
Ene-1816,26.3
Feb-1816,68.8
Mar-1816,73.7
Abr-1816,58.8
May-1816,44.3
Jun-1816,43.6
Jul-1816,38.8
Ago-1816,23.2
Sep-1816,47.8
Oct-1816,56.4
Nov-1816,38.1
Dic-1816,29.9
Ene-1817,36.4
Feb-1817,57.9
Mar-1817,96.2
Abr-1817,26.4
May-1817,21.2
Jun-1817,40
Jul-1817,50
Ago-1817,45
Sep-1817,36.7
Oct-1817,25.6
Nov-1817,28.9
Dic-1817,28.4
Ene-1818,34.9
Feb-1818,22.4
Mar-1818,25.4
Abr-1818,34.5
May-1818,53.1
Jun-1818,36.4
Jul-1818,28
Ago-1818,31.5
Sep-1818,26.1
Oct-1818,31.6
Nov-1818,10.9
Dic-1818,25.8
Ene-1819,32.8
Feb-1819,20.7
Mar-1819,3.7
Abr-1819,20.2
May-1819,19.6
Jun-1819,35
Jul-1819,31.4
Ago-1819,26.1
Sep-1819,14.9
Oct-1819,27.5
Nov-1819,25.1
Dic-1819,30.6
Ene-1820,19.2
Feb-1820,26.6
Mar-1820,4.5
Abr-1820,19.4
May-1820,29.3
Jun-1820,10.8
Jul-1820,20.6
Ago-1820,25.9
Sep-1820,5.2
Oct-1820,8.9
Nov-1820,7.9
Dic-1820,9.1
Ene-1821,21.5
Feb-1821,4.2
Mar-1821,5.7
Abr-1821,9.2
May-1821,1.7
Jun-1821,1.8
Jul-1821,2.5
Ago-1821,4.8
Sep-1821,4.4
Oct-1821,18.8
Nov-1821,4.4
Dic-1821,0.2
Ene-1822,0
Feb-1822,0.9
Mar-1822,16.1
Abr-1822,13.5
May-1822,1.5
Jun-1822,5.6
Jul-1822,7.9
Ago-1822,2.1
Sep-1822,0
Oct-1822,0.4
Nov-1822,0
Dic-1822,0
Ene-1823,0
Feb-1823,0
Mar-1823,0.6
Abr-1823,0
May-1823,0
Jun-1823,0
Jul-1823,0.5
Ago-1823,0
Sep-1823,0
Oct-1823,0
Nov-1823,0
Dic-1823,20.4
Ene-1824,21.7
Feb-1824,10.8
Mar-1824,0
Abr-1824,19.4
May-1824,2.8
Jun-1824,0
Jul-1824,0
Ago-1824,1.4
Sep-1824,20.5
Oct-1824,25.2
Nov-1824,0
Dic-1824,0.8
Ene-1825,5
Feb-1825,15.5
Mar-1825,22.4
Abr-1825,3.8
May-1825,15.5
Jun-1825,15.4
Jul-1825,30.9
Ago-1825,25.7
Sep-1825,15.7
Oct-1825,15.6
Nov-1825,11.7
Dic-1825,22
Ene-1826,17.7
Feb-1826,18.2
Mar-1826,36.7
Abr-1826,24
May-1826,32.4
Jun-1826,37.1
Jul-1826,52.5
Ago-1826,39.6
Sep-1826,18.9
Oct-1826,50.6
Nov-1826,39.5
Dic-1826,68.1
Ene-1827,34.6
Feb-1827,47.4
Mar-1827,57.8
Abr-1827,46
May-1827,56.3
Jun-1827,56.7
Jul-1827,42.3
Ago-1827,53.7
Sep-1827,49.6
Oct-1827,56.1
Nov-1827,48.2
Dic-1827,46.1
Ene-1828,52.8
Feb-1828,64.4
Mar-1828,65
Abr-1828,61.1
May-1828,89.1
Jun-1828,98
Jul-1828,54.2
Ago-1828,76.4
Sep-1828,50.4
Oct-1828,54.7
Nov-1828,57
Dic-1828,46.9
Ene-1829,43
Feb-1829,49.4
Mar-1829,72.3
Abr-1829,95
May-1829,67.4
Jun-1829,73.9
Jul-1829,90.8
Ago-1829,77.6
Sep-1829,52.8
Oct-1829,57.2
Nov-1829,67.6
Dic-1829,56.5
Ene-1830,52.2
Feb-1830,72.1
Mar-1830,84.6
Abr-1830,106.3
May-1830,66.3
Jun-1830,65.1
Jul-1830,43.9
Ago-1830,50.7
Sep-1830,62.1
Oct-1830,84.4
Nov-1830,81.2
Dic-1830,82.1
Ene-1831,47.5
Feb-1831,50.1
Mar-1831,93.4
Abr-1831,54.5
May-1831,38.1
Jun-1831,33.4
Jul-1831,45.2
Ago-1831,55
Sep-1831,37.9
Oct-1831,46.3
Nov-1831,43.5
Dic-1831,28.9
Ene-1832,30.9
Feb-1832,55.6
Mar-1832,55.1
Abr-1832,26.9
May-1832,41.3
Jun-1832,26.7
Jul-1832,14
Ago-1832,8.9
Sep-1832,8.2
Oct-1832,21.1
Nov-1832,14.3
Dic-1832,27.5
Ene-1833,11.3
Feb-1833,14.9
Mar-1833,11.8
Abr-1833,2.8
May-1833,12.9
Jun-1833,1
Jul-1833,7
Ago-1833,5.7
Sep-1833,11.6
Oct-1833,7.5
Nov-1833,5.9
Dic-1833,9.9
Ene-1834,4.9
Feb-1834,18.1
Mar-1834,3.9
Abr-1834,1.4
May-1834,8.8
Jun-1834,7.8
Jul-1834,8.7
Ago-1834,4
Sep-1834,11.5
Oct-1834,24.8
Nov-1834,30.5
Dic-1834,34.5
Ene-1835,7.5
Feb-1835,24.5
Mar-1835,19.7
Abr-1835,61.5
May-1835,43.6
Jun-1835,33.2
Jul-1835,59.8
Ago-1835,59
Sep-1835,100.8
Oct-1835,95.2
Nov-1835,100
Dic-1835,77.5
Ene-1836,88.6
Feb-1836,107.6
Mar-1836,98.2
Abr-1836,142.9
May-1836,111.4
Jun-1836,124.7
Jul-1836,116.7
Ago-1836,107.8
Sep-1836,95.1
Oct-1836,137.4
Nov-1836,120.9
Dic-1836,206.2
Ene-1837,188
Feb-1837,175.6
Mar-1837,134.6
Abr-1837,138.2
May-1837,111.7
Jun-1837,158
Jul-1837,162.8
Ago-1837,134
Sep-1837,96.3
Oct-1837,123.7
Nov-1837,107
Dic-1837,129.8
Ene-1838,144.9
Feb-1838,84.8
Mar-1838,140.8
Abr-1838,126.6
May-1838,137.6
Jun-1838,94.5
Jul-1838,108.2
Ago-1838,78.8
Sep-1838,73.6
Oct-1838,90.8
Nov-1838,77.4
Dic-1838,79.8
Ene-1839,105.6
Feb-1839,102.5
Mar-1839,77.7
Abr-1839,61.8
May-1839,53.8
Jun-1839,54.6
Jul-1839,84.8
Ago-1839,131.2
Sep-1839,132.7
Oct-1839,90.9
Nov-1839,68.8
Dic-1839,63.7
Ene-1840,81.2
Feb-1840,87.7
Mar-1840,67.8
Abr-1840,65.9
May-1840,69.2
Jun-1840,48.5
Jul-1840,60.7
Ago-1840,57.8
Sep-1840,74
Oct-1840,55
Nov-1840,54.3
Dic-1840,53.7
Ene-1841,24.1
Feb-1841,29.9
Mar-1841,29.7
Abr-1841,40.2
May-1841,67.5
Jun-1841,55.7
Jul-1841,30.8
Ago-1841,39.3
Sep-1841,36.5
Oct-1841,28.5
Nov-1841,19.8
Dic-1841,38.8
Ene-1842,20.4
Feb-1842,22.1
Mar-1842,21.7
Abr-1842,26.9
May-1842,24.9
Jun-1842,20.5
Jul-1842,12.6
Ago-1842,26.6
Sep-1842,18.4
Oct-1842,38.1
Nov-1842,40.5
Dic-1842,17.6
Ene-1843,13.3
Feb-1843,3.5
Mar-1843,8.3
Abr-1843,9.5
May-1843,21.1
Jun-1843,10.5
Jul-1843,9.5
Ago-1843,11.8
Sep-1843,4.2
Oct-1843,5.3
Nov-1843,19.1
Dic-1843,12.7
Ene-1844,9.4
Feb-1844,14.7
Mar-1844,13.6
Abr-1844,20.8
May-1844,11.6
Jun-1844,3.7
Jul-1844,21.2
Ago-1844,23.9
Sep-1844,7
Oct-1844,21.5
Nov-1844,10.7
Dic-1844,21.6
Ene-1845,25.7
Feb-1845,43.6
Mar-1845,43.3
Abr-1845,57
May-1845,47.8
Jun-1845,31.1
Jul-1845,30.6
Ago-1845,32.3
Sep-1845,29.6
Oct-1845,40.7
Nov-1845,39.4
Dic-1845,59.7
Ene-1846,38.7
Feb-1846,51
Mar-1846,63.9
Abr-1846,69.3
May-1846,59.9
Jun-1846,65.1
Jul-1846,46.5
Ago-1846,54.8
Sep-1846,107.1
Oct-1846,55.9
Nov-1846,60.4
Dic-1846,65.5
Ene-1847,62.6
Feb-1847,44.9
Mar-1847,85.7
Abr-1847,44.7
May-1847,75.4
Jun-1847,85.3
Jul-1847,52.2
Ago-1847,140.6
Sep-1847,160.9
Oct-1847,180.4
Nov-1847,138.9
Dic-1847,109.6
Ene-1848,159.1
Feb-1848,111.8
Mar-1848,108.6
Abr-1848,107.1
May-1848,102.2
Jun-1848,129
Jul-1848,139.2
Ago-1848,132.6
Sep-1848,100.3
Oct-1848,132.4
Nov-1848,114.6
Dic-1848,159.5
Ene-1849,157
Feb-1849,131.8
Mar-1849,96.2
Abr-1849,102.5
May-1849,80.6
Jun-1849,81.1
Jul-1849,78
Ago-1849,67.7
Sep-1849,93.7
Oct-1849,71.5
Nov-1849,99
Dic-1849,97
Ene-1850,78
Feb-1850,89.4
Mar-1850,82.6
Abr-1850,44.1
May-1850,61.6
Jun-1850,70
Jul-1850,39.1
Ago-1850,61.6
Sep-1850,86.2
Oct-1850,71
Nov-1850,54.8
Dic-1850,61
Ene-1851,75.5
Feb-1851,105.4
Mar-1851,64.6
Abr-1851,56.5
May-1851,62.6
Jun-1851,63.2
Jul-1851,36.1
Ago-1851,57.4
Sep-1851,67.9
Oct-1851,62.5
Nov-1851,51
Dic-1851,71.4
Ene-1852,68.4
Feb-1852,66.4
Mar-1852,61.2
Abr-1852,65.4
May-1852,54.9
Jun-1852,46.9
Jul-1852,42.1
Ago-1852,39.7
Sep-1852,37.5
Oct-1852,67.3
Nov-1852,54.3
Dic-1852,45.4
Ene-1853,41.1
Feb-1853,42.9
Mar-1853,37.7
Abr-1853,47.6
May-1853,34.7
Jun-1853,40
Jul-1853,45.9
Ago-1853,50.5
Sep-1853,33.5
Oct-1853,42.4
Nov-1853,28.8
Dic-1853,23.4
Ene-1854,15.4
Feb-1854,20
Mar-1854,20.7
Abr-1854,26.5
May-1854,24
Jun-1854,21.1
Jul-1854,18.7
Ago-1854,15.8
Sep-1854,22.4
Oct-1854,12.6
Nov-1854,28.2
Dic-1854,21.6
Ene-1855,12.3
Feb-1855,11.4
Mar-1855,17.4
Abr-1855,4.4
May-1855,9.1
Jun-1855,5.3
Jul-1855,0.4
Ago-1855,3.1
Sep-1855,0
Oct-1855,9.6
Nov-1855,4.2
Dic-1855,3.1
Ene-1856,0.5
Feb-1856,4.9
Mar-1856,0.4
Abr-1856,6.5
May-1856,0
Jun-1856,5.2
Jul-1856,4.6
Ago-1856,5.9
Sep-1856,4.4
Oct-1856,4.5
Nov-1856,7.7
Dic-1856,7.2
Ene-1857,13.7
Feb-1857,7.4
Mar-1857,5.2
Abr-1857,11.1
May-1857,28.5
Jun-1857,16
Jul-1857,22.2
Ago-1857,16.9
Sep-1857,42.4
Oct-1857,40.6
Nov-1857,31.4
Dic-1857,37.2
Ene-1858,39
Feb-1858,34.9
Mar-1858,57.5
Abr-1858,38.3
May-1858,41.4
Jun-1858,44.5
Jul-1858,56.7
Ago-1858,55.3
Sep-1858,80.1
Oct-1858,91.2
Nov-1858,51.9
Dic-1858,66.9
Ene-1859,83.7
Feb-1859,87.6
Mar-1859,90.3
Abr-1859,85.7
May-1859,91
Jun-1859,87.1
Jul-1859,95.2
Ago-1859,106.8
Sep-1859,105.8
Oct-1859,114.6
Nov-1859,97.2
Dic-1859,81
Ene-1860,82.4
Feb-1860,88.3
Mar-1860,98.9
Abr-1860,71.4
May-1860,107.1
Jun-1860,108.6
Jul-1860,116.7
Ago-1860,100.3
Sep-1860,92.2
Oct-1860,90.1
Nov-1860,97.9
Dic-1860,95.6
Ene-1861,62.3
Feb-1861,77.7
Mar-1861,101
Abr-1861,98.5
May-1861,56.8
Jun-1861,88.1
Jul-1861,78
Ago-1861,82.5
Sep-1861,79.9
Oct-1861,67.2
Nov-1861,53.7
Dic-1861,80.5
Ene-1862,63.1
Feb-1862,64.5
Mar-1862,43.6
Abr-1862,53.7
May-1862,64.4
Jun-1862,84
Jul-1862,73.4
Ago-1862,62.5
Sep-1862,66.6
Oct-1862,41.9
Nov-1862,50.6
Dic-1862,40.9
Ene-1863,48.3
Feb-1863,56.7
Mar-1863,66.4
Abr-1863,40.6
May-1863,53.8
Jun-1863,40.8
Jul-1863,32.7
Ago-1863,48.1
Sep-1863,22
Oct-1863,39.9
Nov-1863,37.7
Dic-1863,41.2
Ene-1864,57.7
Feb-1864,47.1
Mar-1864,66.3
Abr-1864,35.8
May-1864,40.6
Jun-1864,57.8
Jul-1864,54.7
Ago-1864,54.8
Sep-1864,28.5
Oct-1864,33.9
Nov-1864,57.6
Dic-1864,28.6
Ene-1865,48.7
Feb-1865,39.3
Mar-1865,39.5
Abr-1865,29.4
May-1865,34.5
Jun-1865,33.6
Jul-1865,26.8
Ago-1865,37.8
Sep-1865,21.6
Oct-1865,17.1
Nov-1865,24.6
Dic-1865,12.8
Ene-1866,31.6
Feb-1866,38.4
Mar-1866,24.5
Abr-1866,17.6
May-1866,12.9
Jun-1866,16.5
Jul-1866,9.3
Ago-1866,12.7
Sep-1866,7.3
Oct-1866,14.1
Nov-1866,9
Dic-1866,1.5
Ene-1867,0
Feb-1867,0.7
Mar-1867,9.2
Abr-1867,5.1
May-1867,2.9
Jun-1867,1.5
Jul-1867,5
Ago-1867,4.8
Sep-1867,9.8
Oct-1867,13.5
Nov-1867,9.6
Dic-1867,25.2
Ene-1868,15.5
Feb-1868,15.7
Mar-1868,26.5
Abr-1868,36.6
May-1868,26.7
Jun-1868,31.1
Jul-1868,29
Ago-1868,34.4
Sep-1868,47.2
Oct-1868,61.6
Nov-1868,59.1
Dic-1868,67.6
Ene-1869,60.9
Feb-1869,59.9
Mar-1869,52.7
Abr-1869,41
May-1869,103.9
Jun-1869,108.4
Jul-1869,59.2
Ago-1869,79.6
Sep-1869,80.6
Oct-1869,59.3
Nov-1869,78.1
Dic-1869,104.4
Ene-1870,77.3
Feb-1870,114.9
Mar-1870,157.5
Abr-1870,160
May-1870,176
Jun-1870,135.6
Jul-1870,132.4
Ago-1870,153.8
Sep-1870,136
Oct-1870,146.4
Nov-1870,147.5
Dic-1870,130
Ene-1871,88.3
Feb-1871,125.3
Mar-1871,143.2
Abr-1871,162.4
May-1871,145.5
Jun-1871,91.7
Jul-1871,103
Ago-1871,110.1
Sep-1871,80.3
Oct-1871,89
Nov-1871,105.4
Dic-1871,90.4
Ene-1872,79.5
Feb-1872,120.1
Mar-1872,88.4
Abr-1872,102.1
May-1872,107.6
Jun-1872,109.9
Jul-1872,105.5
Ago-1872,92.9
Sep-1872,114.6
Oct-1872,102.6
Nov-1872,112
Dic-1872,83.9
Ene-1873,86.7
Feb-1873,107
Mar-1873,98.3
Abr-1873,76.2
May-1873,47.9
Jun-1873,44.8
Jul-1873,66.9
Ago-1873,68.2
Sep-1873,47.1
Oct-1873,47.1
Nov-1873,55.4
Dic-1873,49.2
Ene-1874,60.8
Feb-1874,64.2
Mar-1874,46.4
Abr-1874,32
May-1874,44.6
Jun-1874,38.2
Jul-1874,67.8
Ago-1874,61.3
Sep-1874,28
Oct-1874,34.3
Nov-1874,28.9
Dic-1874,29.3
Ene-1875,14.6
Feb-1875,21.5
Mar-1875,33.8
Abr-1875,29.1
May-1875,11.5
Jun-1875,23.9
Jul-1875,12.5
Ago-1875,14.6
Sep-1875,2.4
Oct-1875,12.7
Nov-1875,17.7
Dic-1875,9.9
Ene-1876,14.3
Feb-1876,15
Mar-1876,30.6
Abr-1876,2.3
May-1876,5.1
Jun-1876,1.6
Jul-1876,15.2
Ago-1876,8.8
Sep-1876,9.9
Oct-1876,14.3
Nov-1876,9.9
Dic-1876,8.2
Ene-1877,24.4
Feb-1877,8.7
Mar-1877,11.9
Abr-1877,15.8
May-1877,21.6
Jun-1877,14.2
Jul-1877,6
Ago-1877,6.3
Sep-1877,16.9
Oct-1877,6.7
Nov-1877,14.2
Dic-1877,2.2
Ene-1878,3.3
Feb-1878,6.6
Mar-1878,7.8
Abr-1878,0.1
May-1878,5.9
Jun-1878,6.4
Jul-1878,0.1
Ago-1878,0
Sep-1878,5.3
Oct-1878,1.1
Nov-1878,4.1
Dic-1878,0.5
Ene-1879,1
Feb-1879,0.6
Mar-1879,0
Abr-1879,6.2
May-1879,2.4
Jun-1879,4.8
Jul-1879,7.5
Ago-1879,10.7
Sep-1879,6.1
Oct-1879,12.3
Nov-1879,13.1
Dic-1879,7.3
Ene-1880,24
Feb-1880,27.2
Mar-1880,19.3
Abr-1880,19.5
May-1880,23.5
Jun-1880,34.1
Jul-1880,21.9
Ago-1880,48.1
Sep-1880,66
Oct-1880,43
Nov-1880,30.7
Dic-1880,29.6
Ene-1881,36.4
Feb-1881,53.2
Mar-1881,51.5
Abr-1881,51.6
May-1881,43.5
Jun-1881,60.5
Jul-1881,76.9
Ago-1881,58.4
Sep-1881,53.2
Oct-1881,64.4
Nov-1881,54.8
Dic-1881,47.3
Ene-1882,45
Feb-1882,69.5
Mar-1882,66.8
Abr-1882,95.8
May-1882,64.1
Jun-1882,45.2
Jul-1882,45.4
Ago-1882,40.4
Sep-1882,57.7
Oct-1882,59.2
Nov-1882,84.4
Dic-1882,41.8
Ene-1883,60.6
Feb-1883,46.9
Mar-1883,42.8
Abr-1883,82.1
May-1883,31.5
Jun-1883,76.3
Jul-1883,80.6
Ago-1883,46
Sep-1883,52.6
Oct-1883,83.8
Nov-1883,84.5
Dic-1883,75.9
Ene-1884,91.5
Feb-1884,86.9
Mar-1884,87.5
Abr-1884,76.1
May-1884,66.5
Jun-1884,51.2
Jul-1884,53.1
Ago-1884,55.8
Sep-1884,61.9
Oct-1884,47.8
Nov-1884,36.6
Dic-1884,47.2
Ene-1885,42.8
Feb-1885,71.8
Mar-1885,49.8
Abr-1885,55
May-1885,73
Jun-1885,83.7
Jul-1885,66.5
Ago-1885,50
Sep-1885,39.6
Oct-1885,38.7
Nov-1885,30.9
Dic-1885,21.7
Ene-1886,29.9
Feb-1886,25.9
Mar-1886,57.3
Abr-1886,43.7
May-1886,30.7
Jun-1886,27.1
Jul-1886,30.3
Ago-1886,16.9
Sep-1886,21.4
Oct-1886,8.6
Nov-1886,0.3
Dic-1886,13
Ene-1887,10.3
Feb-1887,13.2
Mar-1887,4.2
Abr-1887,6.9
May-1887,20
Jun-1887,15.7
Jul-1887,23.4
Ago-1887,21.4
Sep-1887,7.4
Oct-1887,6.6
Nov-1887,6.9
Dic-1887,20.7
Ene-1888,12.7
Feb-1888,7.1
Mar-1888,7.8
Abr-1888,5.1
May-1888,7
Jun-1888,7.1
Jul-1888,3.1
Ago-1888,2.8
Sep-1888,8.8
Oct-1888,2.1
Nov-1888,10.7
Dic-1888,6.7
Ene-1889,0.8
Feb-1889,8.5
Mar-1889,6.7
Abr-1889,4.3
May-1889,2.4
Jun-1889,6.4
Jul-1889,9.4
Ago-1889,20.6
Sep-1889,6.5
Oct-1889,2.1
Nov-1889,0.2
Dic-1889,6.7
Ene-1890,5.3
Feb-1890,0.6
Mar-1890,5.1
Abr-1890,1.6
May-1890,4.8
Jun-1890,1.3
Jul-1890,11.6
Ago-1890,8.5
Sep-1890,17.2
Oct-1890,11.2
Nov-1890,9.6
Dic-1890,7.8
Ene-1891,13.5
Feb-1891,22.2
Mar-1891,10.4
Abr-1891,20.5
May-1891,41.1
Jun-1891,48.3
Jul-1891,58.8
Ago-1891,33
Sep-1891,53.8
Oct-1891,51.5
Nov-1891,41.9
Dic-1891,32.5
Ene-1892,69.1
Feb-1892,75.6
Mar-1892,49.9
Abr-1892,69.6
May-1892,79.6
Jun-1892,76.3
Jul-1892,76.5
Ago-1892,101.4
Sep-1892,62.8
Oct-1892,70.5
Nov-1892,65.4
Dic-1892,78.6
Ene-1893,75
Feb-1893,73
Mar-1893,65.7
Abr-1893,88.1
May-1893,84.7
Jun-1893,89.9
Jul-1893,88.6
Ago-1893,129.2
Sep-1893,77.9
Oct-1893,80
Nov-1893,75.1
Dic-1893,93.8
Ene-1894,83.2
Feb-1894,84.6
Mar-1894,52.3
Abr-1894,81.6
May-1894,101.2
Jun-1894,98.9
Jul-1894,106
Ago-1894,70.3
Sep-1894,65.9
Oct-1894,75.5
Nov-1894,56.6
Dic-1894,60
Ene-1895,63.3
Feb-1895,67.2
Mar-1895,61
Abr-1895,76.9
May-1895,67.5
Jun-1895,71.5
Jul-1895,47.8
Ago-1895,68.9
Sep-1895,57.7
Oct-1895,67.9
Nov-1895,47.2
Dic-1895,70.7
Ene-1896,29
Feb-1896,57.4
Mar-1896,52
Abr-1896,43.8
May-1896,27.7
Jun-1896,49
Jul-1896,45
Ago-1896,27.2
Sep-1896,61.3
Oct-1896,28.7
Nov-1896,38
Dic-1896,42.6
Ene-1897,40.6
Feb-1897,29.4
Mar-1897,29.1
Abr-1897,31
May-1897,20
Jun-1897,11.3
Jul-1897,27.6
Ago-1897,21.8
Sep-1897,48.1
Oct-1897,14.3
Nov-1897,8.4
Dic-1897,33.3
Ene-1898,30.2
Feb-1898,36.4
Mar-1898,38.3
Abr-1898,14.5
May-1898,25.8
Jun-1898,22.3
Jul-1898,9
Ago-1898,31.4
Sep-1898,34.8
Oct-1898,34.4
Nov-1898,30.9
Dic-1898,12.6
Ene-1899,19.5
Feb-1899,9.2
Mar-1899,18.1
Abr-1899,14.2
May-1899,7.7
Jun-1899,20.5
Jul-1899,13.5
Ago-1899,2.9
Sep-1899,8.4
Oct-1899,13
Nov-1899,7.8
Dic-1899,10.5
ene-00,9.4
feb-00,13.6
mar-00,8.6
abr-00,16
may-00,15.2
jun-00,12.1
jul-00,8.3
ago-00,4.3
sep-00,8.3
oct-00,12.9
nov-00,4.5
dic-00,0.3
ene-01,0.2
feb-01,2.4
mar-01,4.5
abr-01,0
may-01,10.2
jun-01,5.8
jul-01,0.7
ago-01,1
sep-01,0.6
oct-01,3.7
nov-01,3.8
dic-01,0
ene-02,5.5
feb-02,0
mar-02,12.4
abr-02,0
may-02,2.8
jun-02,1.4
jul-02,0.9
ago-02,2.3
sep-02,7.6
oct-02,16.3
nov-02,10.3
dic-02,1.1
ene-03,8.3
feb-03,17
mar-03,13.5
abr-03,26.1
may-03,14.6
jun-03,16.3
jul-03,27.9
ago-03,28.8
sep-03,11.1
oct-03,38.9
nov-03,44.5
dic-03,45.6
ene-04,31.6
feb-04,24.5
mar-04,37.2
abr-04,43
may-04,39.5
jun-04,41.9
jul-04,50.6
ago-04,58.2
sep-04,30.1
oct-04,54.2
nov-04,38
dic-04,54.6
ene-05,54.8
feb-05,85.8
mar-05,56.5
abr-05,39.3
may-05,48
jun-05,49
jul-05,73
ago-05,58.8
sep-05,55
oct-05,78.7
nov-05,107.2
dic-05,55.5
ene-06,45.5
feb-06,31.3
mar-06,64.5
abr-06,55.3
may-06,57.7
jun-06,63.2
jul-06,103.6
ago-06,47.7
sep-06,56.1
oct-06,17.8
nov-06,38.9
dic-06,64.7
ene-07,76.4
feb-07,108.2
mar-07,60.7
abr-07,52.6
may-07,42.9
jun-07,40.4
jul-07,49.7
ago-07,54.3
sep-07,85
oct-07,65.4
nov-07,61.5
dic-07,47.3
ene-08,39.2
feb-08,33.9
mar-08,28.7
abr-08,57.6
may-08,40.8
jun-08,48.1
jul-08,39.5
ago-08,90.5
sep-08,86.9
oct-08,32.3
nov-08,45.5
dic-08,39.5
ene-09,56.7
feb-09,46.6
mar-09,66.3
abr-09,32.3
may-09,36
jun-09,22.6
jul-09,35.8
ago-09,23.1
sep-09,38.8
oct-09,58.4
nov-09,55.8
dic-09,54.2
ene-10,26.4
feb-10,31.5
mar-10,21.4
abr-10,8.4
may-10,22.2
jun-10,12.3
jul-10,14.1
ago-10,11.5
sep-10,26.2
oct-10,38.3
nov-10,4.9
dic-10,5.8
ene-11,3.4
feb-11,9
mar-11,7.8
abr-11,16.5
may-11,9
jun-11,2.2
jul-11,3.5
ago-11,4
sep-11,4
oct-11,2.6
nov-11,4.2
dic-11,2.2
ene-12,0.3
feb-12,0
mar-12,4.9
abr-12,4.5
may-12,4.4
jun-12,4.1
jul-12,3
ago-12,0.3
sep-12,9.5
oct-12,4.6
nov-12,1.1
dic-12,6.4
ene-13,2.3
feb-13,2.9
mar-13,0.5
abr-13,0.9
may-13,0
jun-13,0
jul-13,1.7
ago-13,0.2
sep-13,1.2
oct-13,3.1
nov-13,0.7
dic-13,3.8
ene-14,2.8
feb-14,2.6
mar-14,3.1
abr-14,17.3
may-14,5.2
jun-14,11.4
jul-14,5.4
ago-14,7.7
sep-14,12.7
oct-14,8.2
nov-14,16.4
dic-14,22.3
ene-15,23
feb-15,42.3
mar-15,38.8
abr-15,41.3
may-15,33
jun-15,68.8
jul-15,71.6
ago-15,69.6
sep-15,49.5
oct-15,53.5
nov-15,42.5
dic-15,34.5
ene-16,45.3
feb-16,55.4
mar-16,67
abr-16,71.8
may-16,74.5
jun-16,67.7
jul-16,53.5
ago-16,35.2
sep-16,45.1
oct-16,50.7
nov-16,65.6
dic-16,53
ene-17,74.7
feb-17,71.9
mar-17,94.8
abr-17,74.7
may-17,114.1
jun-17,114.9
jul-17,119.8
ago-17,154.5
sep-17,129.4
oct-17,72.2
nov-17,96.4
dic-17,129.3
ene-18,96
feb-18,65.3
mar-18,72.2
abr-18,80.5
may-18,76.7
jun-18,59.4
jul-18,107.6
ago-18,101.7
sep-18,79.9
oct-18,85
nov-18,83.4
dic-18,59.2
ene-19,48.1
feb-19,79.5
mar-19,66.5
abr-19,51.8
may-19,88.1
jun-19,111.2
jul-19,64.7
ago-19,69
sep-19,54.7
oct-19,52.8
nov-19,42
dic-19,34.9
ene-20,51.1
feb-20,53.9
mar-20,70.2
abr-20,14.8
may-20,33.3
jun-20,38.7
jul-20,27.5
ago-20,19.2
sep-20,36.3
oct-20,49.6
nov-20,27.2
dic-20,29.9
ene-21,31.5
feb-21,28.3
mar-21,26.7
abr-21,32.4
may-21,22.2
jun-21,33.7
jul-21,41.9
ago-21,22.8
sep-21,17.8
oct-21,18.2
nov-21,17.8
dic-21,20.3
ene-22,11.8
feb-22,26.4
mar-22,54.7
abr-22,11
may-22,8
jun-22,5.8
jul-22,10.9
ago-22,6.5
sep-22,4.7
oct-22,6.2
nov-22,7.4
dic-22,17.5
ene-23,4.5
feb-23,1.5
mar-23,3.3
abr-23,6.1
may-23,3.2
jun-23,9.1
jul-23,3.5
ago-23,0.5
sep-23,13.2
oct-23,11.6
nov-23,10
dic-23,2.8
ene-24,0.5
feb-24,5.1
mar-24,1.8
abr-24,11.3
may-24,20.8
jun-24,24
jul-24,28.1
ago-24,19.3
sep-24,25.1
oct-24,25.6
nov-24,22.5
dic-24,16.5
ene-25,5.5
feb-25,23.2
mar-25,18
abr-25,31.7
may-25,42.8
jun-25,47.5
jul-25,38.5
ago-25,37.9
sep-25,60.2
oct-25,69.2
nov-25,58.6
dic-25,98.6
ene-26,71.8
feb-26,69.9
mar-26,62.5
abr-26,38.5
may-26,64.3
jun-26,73.5
jul-26,52.3
ago-26,61.6
sep-26,60.8
oct-26,71.5
nov-26,60.5
dic-26,79.4
ene-27,81.6
feb-27,93
mar-27,69.6
abr-27,93.5
may-27,79.1
jun-27,59.1
jul-27,54.9
ago-27,53.8
sep-27,68.4
oct-27,63.1
nov-27,67.2
dic-27,45.2
ene-28,83.5
feb-28,73.5
mar-28,85.5
abr-28,80.6
may-28,77
jun-28,91.4
jul-28,98
ago-28,83.8
sep-28,89.7
oct-28,61.4
nov-28,50.3
dic-28,59
ene-29,68.9
feb-29,62.8
mar-29,50.2
abr-29,52.8
may-29,58.2
jun-29,71.9
jul-29,70.2
ago-29,65.8
sep-29,34.4
oct-29,54
nov-29,81.1
dic-29,108
ene-30,65.3
feb-30,49.9
mar-30,35
abr-30,38.2
may-30,36.8
jun-30,28.8
jul-30,21.9
ago-30,24.9
sep-30,32.1
oct-30,34.4
nov-30,35.6
dic-30,25.8
ene-31,14.6
feb-31,43.1
mar-31,30
abr-31,31.2
may-31,24.6
jun-31,15.3
jul-31,17.4
ago-31,13
sep-31,19
oct-31,10
nov-31,18.7
dic-31,17.8
ene-32,12.1
feb-32,10.6
mar-32,11.2
abr-32,11.2
may-32,17.9
jun-32,22.2
jul-32,9.6
ago-32,6.8
sep-32,4
oct-32,8.9
nov-32,8.2
dic-32,11
ene-33,12.3
feb-33,22.2
mar-33,10.1
abr-33,2.9
may-33,3.2
jun-33,5.2
jul-33,2.8
ago-33,0.2
sep-33,5.1
oct-33,3
nov-33,0.6
dic-33,0.3
ene-34,3.4
feb-34,7.8
mar-34,4.3
abr-34,11.3
may-34,19.7
jun-34,6.7
jul-34,9.3
ago-34,8.3
sep-34,4
oct-34,5.7
nov-34,8.7
dic-34,15.4
ene-35,18.6
feb-35,20.5
mar-35,23.1
abr-35,12.2
may-35,27.3
jun-35,45.7
jul-35,33.9
ago-35,30.1
sep-35,42.1
oct-35,53.2
nov-35,64.2
dic-35,61.5
ene-36,62.8
feb-36,74.3
mar-36,77.1
abr-36,74.9
may-36,54.6
jun-36,70
jul-36,52.3
ago-36,87
sep-36,76
oct-36,89
nov-36,115.4
dic-36,123.4
ene-37,132.5
feb-37,128.5
mar-37,83.9
abr-37,109.3
may-37,116.7
jun-37,130.3
jul-37,145.1
ago-37,137.7
sep-37,100.7
oct-37,124.9
nov-37,74.4
dic-37,88.8
ene-38,98.4
feb-38,119.2
mar-38,86.5
abr-38,101
may-38,127.4
jun-38,97.5
jul-38,165.3
ago-38,115.7
sep-38,89.6
oct-38,99.1
nov-38,122.2
dic-38,92.7
ene-39,80.3
feb-39,77.4
mar-39,64.6
abr-39,109.1
may-39,118.3
jun-39,101
jul-39,97.6
ago-39,105.8
sep-39,112.6
oct-39,88.1
nov-39,68.1
dic-39,42.1
ene-40,50.5
feb-40,59.4
mar-40,83.3
abr-40,60.7
may-40,54.4
jun-40,83.9
jul-40,67.5
ago-40,105.5
sep-40,66.5
oct-40,55
nov-40,58.4
dic-40,68.3
ene-41,45.6
feb-41,44.5
mar-41,46.4
abr-41,32.8
may-41,29.5
jun-41,59.8
jul-41,66.9
ago-41,60
sep-41,65.9
oct-41,46.3
nov-41,38.4
dic-41,33.7
ene-42,35.6
feb-42,52.8
mar-42,54.2
abr-42,60.7
may-42,25
jun-42,11.4
jul-42,17.7
ago-42,20.2
sep-42,17.2
oct-42,19.2
nov-42,30.7
dic-42,22.5
ene-43,12.5
feb-43,28.9
mar-43,27.4
abr-43,26.1
may-43,14.1
jun-43,7.6
jul-43,13.2
ago-43,19.4
sep-43,10
oct-43,7.8
nov-43,10.2
dic-43,18.8
ene-44,3.7
feb-44,0.5
mar-44,11
abr-44,0.3
may-44,2.5
jun-44,5
jul-44,5
ago-44,16.7
sep-44,14.3
oct-44,16.9
nov-44,10.8
dic-44,28.4
ene-45,18.5
feb-45,12.7
mar-45,21.5
abr-45,32
may-45,30.6
jun-45,36.2
jul-45,42.6
ago-45,25.9
sep-45,34.9
oct-45,68.8
nov-45,46
dic-45,27.4
ene-46,47.6
feb-46,86.2
mar-46,76.6
abr-46,75.7
may-46,84.9
jun-46,73.5
jul-46,116.2
ago-46,107.2
sep-46,94.4
oct-46,102.3
nov-46,123.8
dic-46,121.7
ene-47,115.7
feb-47,133.4
mar-47,129.8
abr-47,149.8
may-47,201.3
jun-47,163.9
jul-47,157.9
ago-47,188.8
sep-47,169.4
oct-47,163.6
nov-47,128
dic-47,116.5
ene-48,108.5
feb-48,86.1
mar-48,94.8
abr-48,189.7
may-48,174
jun-48,167.8
jul-48,142.2
ago-48,157.9
sep-48,143.3
oct-48,136.3
nov-48,95.8
dic-48,138
ene-49,119.1
feb-49,182.3
mar-49,157.5
abr-49,147
may-49,106.2
jun-49,121.7
jul-49,125.8
ago-49,123.8
sep-49,145.3
oct-49,131.6
nov-49,143.5
dic-49,117.6
ene-50,101.6
feb-50,94.8
mar-50,109.7
abr-50,113.4
may-50,106.2
jun-50,83.6
jul-50,91
ago-50,85.2
sep-50,51.3
oct-50,61.4
nov-50,54.8
dic-50,54.1
ene-51,59.9
feb-51,59.9
mar-51,55.9
abr-51,92.9
may-51,108.5
jun-51,100.6
jul-51,61.5
ago-51,61
sep-51,83.1
oct-51,51.6
nov-51,52.4
dic-51,45.8
ene-52,40.7
feb-52,22.7
mar-52,22
abr-52,29.1
may-52,23.4
jun-52,36.4
jul-52,39.3
ago-52,54.9
sep-52,28.2
oct-52,23.8
nov-52,22.1
dic-52,34.3
ene-53,26.5
feb-53,3.9
mar-53,10
abr-53,27.8
may-53,12.5
jun-53,21.8
jul-53,8.6
ago-53,23.5
sep-53,19.3
oct-53,8.2
nov-53,1.6
dic-53,2.5
ene-54,0.2
feb-54,0.5
mar-54,10.9
abr-54,1.8
may-54,0.8
jun-54,0.2
jul-54,4.8
ago-54,8.4
sep-54,1.5
oct-54,7
nov-54,9.2
dic-54,7.6
ene-55,23.1
feb-55,20.8
mar-55,4.9
abr-55,11.3
may-55,28.9
jun-55,31.7
jul-55,26.7
ago-55,40.7
sep-55,42.7
oct-55,58.5
nov-55,89.2
dic-55,76.9
ene-56,73.6
feb-56,124
mar-56,118.4
abr-56,110.7
may-56,136.6
jun-56,116.6
jul-56,129.1
ago-56,169.6
sep-56,173.2
oct-56,155.3
nov-56,201.3
dic-56,192.1
ene-57,165
feb-57,130.3
mar-57,157.4
abr-57,175.2
may-57,164.6
jun-57,200.7
jul-57,187.2
ago-57,158
sep-57,235.8
oct-57,253.8
nov-57,210.9
dic-57,239.4
ene-58,202.5
feb-58,164.9
mar-58,190.7
abr-58,196
may-58,175.3
jun-58,171.5
jul-58,191.4
ago-58,200.2
sep-58,201.2
oct-58,181.5
nov-58,152.3
dic-58,187.6
ene-59,217.4
feb-59,143.1
mar-59,185.7
abr-59,163.3
may-59,172
jun-59,168.7
jul-59,149.6
ago-59,199.6
sep-59,145.2
oct-59,111.4
nov-59,124
dic-59,125
ene-60,146.3
feb-60,106
mar-60,102.2
abr-60,122
may-60,119.6
jun-60,110.2
jul-60,121.7
ago-60,134.1
sep-60,127.2
oct-60,82.8
nov-60,89.6
dic-60,85.6
ene-61,57.9
feb-61,46.1
mar-61,53
abr-61,61.4
may-61,51
jun-61,77.4
jul-61,70.2
ago-61,55.8
sep-61,63.6
oct-61,37.7
nov-61,32.6
dic-61,39.9
ene-62,38.7
feb-62,50.3
mar-62,45.6
abr-62,46.4
may-62,43.7
jun-62,42
jul-62,21.8
ago-62,21.8
sep-62,51.3
oct-62,39.5
nov-62,26.9
dic-62,23.2
ene-63,19.8
feb-63,24.4
mar-63,17.1
abr-63,29.3
may-63,43
jun-63,35.9
jul-63,19.6
ago-63,33.2
sep-63,38.8
oct-63,35.3
nov-63,23.4
dic-63,14.9
ene-64,15.3
feb-64,17.7
mar-64,16.5
abr-64,8.6
may-64,9.5
jun-64,9.1
jul-64,3.1
ago-64,9.3
sep-64,4.7
oct-64,6.1
nov-64,7.4
dic-64,15.1
ene-65,17.5
feb-65,14.3
mar-65,11.7
abr-65,6.8
may-65,24.1
jun-65,15.9
jul-65,11.9
ago-65,8.9
sep-65,16.8
oct-65,20.1
nov-65,15.8
dic-65,17
ene-66,28.2
feb-66,24.4
mar-66,25.3
abr-66,48.7
may-66,45.3
jun-66,47.7
jul-66,56.7
ago-66,51.2
sep-66,50.2
oct-66,57.2
nov-66,57.2
dic-66,70.4
ene-67,110.9
feb-67,93.6
mar-67,111.8
abr-67,69.5
may-67,86.5
jun-67,67.3
jul-67,91.5
ago-67,107.2
sep-67,76.8
oct-67,88.2
nov-67,94.3
dic-67,126.4
ene-68,121.8
feb-68,111.9
mar-68,92.2
abr-68,81.2
may-68,127.2
jun-68,110.3
jul-68,96.1
ago-68,109.3
sep-68,117.2
oct-68,107.7
nov-68,86
dic-68,109.8
ene-69,104.4
feb-69,120.5
mar-69,135.8
abr-69,106.8
may-69,120
jun-69,106
jul-69,96.8
ago-69,98
sep-69,91.3
oct-69,95.7
nov-69,93.5
dic-69,97.9
ene-70,111.5
feb-70,127.8
mar-70,102.9
abr-70,109.5
may-70,127.5
jun-70,106.8
jul-70,112.5
ago-70,93
sep-70,99.5
oct-70,86.6
nov-70,95.2
dic-70,83.5
ene-71,91.3
feb-71,79
mar-71,60.7
abr-71,71.8
may-71,57.5
jun-71,49.8
jul-71,81
ago-71,61.4
sep-71,50.2
oct-71,51.7
nov-71,63.2
dic-71,82.2
ene-72,61.5
feb-72,88.4
mar-72,80.1
abr-72,63.2
may-72,80.5
jun-72,88
jul-72,76.5
ago-72,76.8
sep-72,64
oct-72,61.3
nov-72,41.6
dic-72,45.3
ene-73,43.4
feb-73,42.9
mar-73,46
abr-73,57.7
may-73,42.4
jun-73,39.5
jul-73,23.1
ago-73,25.6
sep-73,59.3
oct-73,30.7
nov-73,23.9
dic-73,23.3
ene-74,27.6
feb-74,26
mar-74,21.3
abr-74,40.3
may-74,39.5
jun-74,36
jul-74,55.8
ago-74,33.6
sep-74,40.2
oct-74,47.1
nov-74,25
dic-74,20.5
ene-75,18.9
feb-75,11.5
mar-75,11.5
abr-75,5.1
may-75,9
jun-75,11.4
jul-75,28.2
ago-75,39.7
sep-75,13.9
oct-75,9.1
nov-75,19.4
dic-75,7.8
ene-76,8.1
feb-76,4.3
mar-76,21.9
abr-76,18.8
may-76,12.4
jun-76,12.2
jul-76,1.9
ago-76,16.4
sep-76,13.5
oct-76,20.6
nov-76,5.2
dic-76,15.3
ene-77,16.4
feb-77,23.1
mar-77,8.7
abr-77,12.9
may-77,18.6
jun-77,38.5
jul-77,21.4
ago-77,30.1
sep-77,44
oct-77,43.8
nov-77,29.1
dic-77,43.2
ene-78,51.9
feb-78,93.6
mar-78,76.5
abr-78,99.7
may-78,82.7
jun-78,95.1
jul-78,70.4
ago-78,58.1
sep-78,138.2
oct-78,125.1
nov-78,97.9
dic-78,122.7
ene-79,166.6
feb-79,137.5
mar-79,138
abr-79,101.5
may-79,134.4
jun-79,149.5
jul-79,159.4
ago-79,142.2
sep-79,188.4
oct-79,186.2
nov-79,183.3
dic-79,176.3
ene-80,159.6
feb-80,155
mar-80,126.2
abr-80,164.1
may-80,179.9
jun-80,157.3
jul-80,136.3
ago-80,135.4
sep-80,155
oct-80,164.7
nov-80,147.9
dic-80,174.4
ene-81,114
feb-81,141.3
mar-81,135.5
abr-81,156.4
may-81,127.5
jun-81,90.9
jul-81,143.8
ago-81,158.7
sep-81,167.3
oct-81,162.4
nov-81,137.5
dic-81,150.1
ene-82,111.2
feb-82,163.6
mar-82,153.8
abr-82,122
may-82,82.2
jun-82,110.4
jul-82,106.1
ago-82,107.6
sep-82,118.8
oct-82,94.7
nov-82,98.1
dic-82,127
ene-83,84.3
feb-83,51
mar-83,66.5
abr-83,80.7
may-83,99.2
jun-83,91.1
jul-83,82.2
ago-83,71.8
sep-83,50.3
oct-83,55.8
nov-83,33.4
dic-83,33.4
ene-84,57
feb-84,85.4
mar-84,83.5
abr-84,69.7
may-84,76.4
jun-84,46.1
jul-84,37.4
ago-84,25.5
sep-84,15.7
oct-84,12
nov-84,22.8
dic-84,18.7
ene-85,16.5
feb-85,15.9
mar-85,17.2
abr-85,16.2
may-85,27.5
jun-85,24.2
jul-85,30.7
ago-85,11.1
sep-85,3.9
oct-85,18.6
nov-85,16.2
dic-85,17.3
ene-86,2.5
feb-86,23.2
mar-86,15.1
abr-86,18.5
may-86,13.7
jun-86,1.1
jul-86,18.1
ago-86,7.4
sep-86,3.8
oct-86,35.4
nov-86,15.2
dic-86,6.8
ene-87,10.4
feb-87,2.4
mar-87,14.7
abr-87,39.6
may-87,33
jun-87,17.4
jul-87,33
ago-87,38.7
sep-87,33.9
oct-87,60.6
nov-87,39.9
dic-87,27.1
ene-88,59
feb-88,40
mar-88,76.2
abr-88,88
may-88,60.1
jun-88,101.8
jul-88,113.8
ago-88,111.6
sep-88,120.1
oct-88,125.1
nov-88,125.1
dic-88,179.2
ene-89,161.3
feb-89,165.1
mar-89,131.4
abr-89,130.6
may-89,138.5
jun-89,196.2
jul-89,126.9
ago-89,168.9
sep-89,176.7
oct-89,159.4
nov-89,173
dic-89,165.5
ene-90,177.3
feb-90,130.5
mar-90,140.3
abr-90,140.3
may-90,132.2
jun-90,105.4
jul-90,149.4
ago-90,200.3
sep-90,125.2
oct-90,145.5
nov-90,131.4
dic-90,129.7
ene-91,136.9
feb-91,167.5
mar-91,141.9
abr-91,140
may-91,121.3
jun-91,169.7
jul-91,173.7
ago-91,176.3
sep-91,125.3
oct-91,144.1
nov-91,108.2
dic-91,144.4
ene-92,150
feb-92,161.1
mar-92,106.7
abr-92,99.8
may-92,73.8
jun-92,65.2
jul-92,85.7
ago-92,64.5
sep-92,63.9
oct-92,88.7
nov-92,91.8
dic-92,82.6
ene-93,59.3
feb-93,91
mar-93,69.8
abr-93,62.2
may-93,61.3
jun-93,49.8
jul-93,57.9
ago-93,42.2
sep-93,22.4
oct-93,56.4
nov-93,35.6
dic-93,48.9
ene-94,57.8
feb-94,35.5
mar-94,31.7
abr-94,16.1
may-94,17.8
jun-94,28
jul-94,35.1
ago-94,22.5
sep-94,25.7
oct-94,44
nov-94,18
dic-94,26.2
ene-95,24.2
feb-95,29.9
mar-95,31.1
abr-95,14
may-95,14.5
jun-95,15.6
jul-95,14.5
ago-95,14.3
sep-95,11.8
oct-95,21.1
nov-95,9
dic-95,10
ene-96,11.5
feb-96,4.4
mar-96,9.2
abr-96,4.8
may-96,5.5
jun-96,11.8
jul-96,8.2
ago-96,14.4
sep-96,1.6
oct-96,0.9
nov-96,17.9
dic-96,13.3
ene-97,5.7
feb-97,7.6
mar-97,8.7
abr-97,15.5
may-97,18.5
jun-97,12.7
jul-97,10.4
ago-97,24.4
sep-97,51.3
oct-97,22.8
nov-97,39
dic-97,41.2
ene-98,31.9
feb-98,40.3
mar-98,54.8
abr-98,53.4
may-98,56.3
jun-98,70.7
jul-98,66.6
ago-98,92.2
sep-98,92.9
oct-98,55.5
nov-98,74
dic-98,81.9
ene-99,62
feb-99,66.3
mar-99,68.8
abr-99,63.7
may-99,106.4
jun-99,137.7
jul-99,113.5
ago-99,93.7
sep-99,71.5
oct-99,116.7
nov-99,133.2
dic-99,84.6
ene-00,90.1
feb-00,112.9
mar-00,138.5
abr-00,125.5
may-00,121.6
jun-00,124.9
jul-00,170.1
ago-00,130.5
sep-00,109.7
oct-00,99.4
nov-00,106.8
dic-00,104.4
ene-01,95.6
feb-01,80.6
mar-01,113.5
abr-01,107.7
may-01,96.6
jun-01,134
jul-01,81.8
ago-01,106.4
sep-01,150.7
oct-01,125.5
nov-01,106.5
dic-01,132.2
ene-02,114.1
feb-02,107.4
mar-02,98.4
abr-02,120.7
may-02,120.8
jun-02,88.3
jul-02,99.6
ago-02,116.4
sep-02,109.6
oct-02,97.5
nov-02,95.5
dic-02,80.8
ene-03,79.7
feb-03,46
mar-03,61.1
abr-03,60
may-03,54.6
jun-03,77.4
jul-03,83.3
ago-03,72.7
sep-03,48.7
oct-03,65.5
nov-03,67.3
dic-03,46.5
ene-04,37.3
feb-04,45.8
mar-04,49.1
abr-04,39.3
may-04,41.5
jun-04,43.2
jul-04,51.1
ago-04,40.9
sep-04,27.7
oct-04,48
nov-04,43.5
dic-04,17.9
ene-05,31.3
feb-05,29.2
mar-05,24.5
abr-05,24.2
may-05,42.7
jun-05,39.3
jul-05,40.1
ago-05,36.4
sep-05,21.9
oct-05,8.7
nov-05,18
dic-05,41.1
ene-06,15.3
feb-06,4.9
mar-06,10.6
abr-06,30.2
may-06,22.3
jun-06,13.9
jul-06,12.2
ago-06,12.9
sep-06,14.4
oct-06,10.5
nov-06,21.4
dic-06,13.6
ene-07,16.8
feb-07,10.7
mar-07,4.5
abr-07,3.4
may-07,11.7
jun-07,12.1
jul-07,9.7
ago-07,6
sep-07,2.4
oct-07,0.9
nov-07,1.7
dic-07,10.1
ene-08,3.3
feb-08,2.1
mar-08,9.3
abr-08,2.9
may-08,3.2
jun-08,3.4
jul-08,0.8
ago-08,0.5
sep-08,1.1
oct-08,2.9
nov-08,4.1
dic-08,0.8
ene-09,1.3
feb-09,1.4
mar-09,0.7
abr-09,0.8
may-09,2.9
jun-09,2.9
jul-09,3.2
ago-09,0
sep-09,4.3
oct-09,4.8
nov-09,4.1
dic-09,10.8
ene-10,13.2
feb-10,18.8
mar-10,15.4
abr-10,8
may-10,8.7
jun-10,13.6
jul-10,16.1
ago-10,19.6
sep-10,25.2
oct-10,23.5
nov-10,21.5
dic-10,14.4
ene-11,18.8
feb-11,29.6
mar-11,55.8
abr-11,54.4
may-11,41.6
jun-11,37
jul-11,43.8
ago-11,50.6
sep-11,78
oct-11,88
nov-11,96.7
dic-11,73
ene-12,58.3
feb-12,32.9
mar-12,64.3
abr-12,55.2
may-12,69
jun-12,64.5
jul-12,66.5
ago-12,63
sep-12,61.4
oct-12,53.3
nov-12,61.8
dic-12,40.8
ene-13,62.9
feb-13,38.1
mar-13,57.9
abr-13,72.4
may-13,78.7
jun-13,52.5
jul-13,57
ago-13,66
sep-13,37
